pk,name-jp,name-en,url,contact
1,加藤 幹治,Kanji Kato,https://researchmap.jp/Kato-Kanji,jiateng.ganzhi@gmail.com
2,浅川 勝之,Katsuyuki Asakawa,,
3,松岡 葵,Aoi Matsuoka,https://researchmap.jp/matsuokaaoi,
4,宮岡 大,Hiroshi Miyaoka,https://researchmap.jp/miyaokah,
5,沼端 向穂,Hisaho Numahata,https://researchmap.jp/hisaho_numahata,
6,廣澤 尚之,Hiroyuki Hirosawa,https://researchmap.jp/naoyuki_h,
7,白鳥 詩織,Shiori Shiratori,https://researchmap.jp/i_mage,